ID_P_F,YEAR_F,TMW_F,TML_F,TBW_F,TBL_F,MF_F,ACES_F,DF_F,SRV1_F,WON1_F,WON2_F,SGW_F,BPS_F,PWR1S_F,PWR2S_F,BPW_F,RGW_F,PRIZE_F
5992,2012,75,12,17,12,87,512,147,64,75,56,87,66,35,56,46,35,12803737
19,2012,71,12,21,15,80,665,120,63,78,60,91,69,31,51,42,26,8584842
1075,2012,56,16,18,9,72,521,163,60,74,54,84,67,32,56,41,31,5708230
677,2012,42,6,8,3,48,160,59,67,75,57,88,71,38,55,49,38,4997448
673,2012,76,15,20,13,85,279,178,63,73,57,85,65,34,54,44,31,4409340
831,2012,61,23,20,17,77,649,178,59,77,53,87,71,29,53,42,25,2973967
6465,2012,65,17,28,17,79,594,168,65,75,55,87,69,30,51,43,25,3031003
3985,2012,55,25,22,16,76,653,145,62,76,53,86,69,31,48,42,23,2376640
728,2012,57,28,24,15,81,632,186,58,75,54,83,63,29,50,40,23,2063737
674,2012,42,22,9,11,64,351,124,63,73,56,84,63,32,50,42,27,1562677
4045,2012,58,24,19,24,75,654,152,57,77,55,86,63,28,51,39,22,1334555
1042,2012,39,19,11,8,55,95,112,68,67,53,77,58,34,53,43,31,1358704
11704,2012,45,20,27,22,62,1002,209,62,82,56,93,74,26,45,39,15,1191394
5837,2012,45,21,41,18,60,1005,131,69,78,57,92,74,25,41,31,11,1354332
6101,2012,39,19,12,16,56,353,150,55,72,53,81,59,32,52,42,27,1186306
4010,2012,43,25,9,13,66,277,130,57,69,52,77,59,34,51,41,29,1105586
1092,2012,35,20,11,19,53,405,142,56,73,53,82,66,31,50,43,25,902450
7452,2012,34,25,11,13,59,463,132,54,75,52,81,62,30,48,40,23,1171600
8806,2012,37,18,10,8,52,133,131,64,69,53,78,59,33,53,39,31,1044847
678,2012,42,24,23,18,66,499,126,60,74,56,85,65,28,50,44,22,1063408
22,2012,31,16,11,5,47,291,159,60,75,52,82,63,30,51,38,24,818595
4061,2012,37,25,20,13,61,705,236,58,80,50,85,63,27,46,38,18,933211
791,2012,38,27,15,11,61,275,108,61,71,52,78,57,30,51,44,25,947316
672,2012,32,22,10,11,54,250,206,69,70,51,81,65,31,49,40,24,1005846
75,2012,33,21,10,12,54,236,116,62,71,52,80,60,31,54,41,26,879840
12083,2012,14,4,9,3,13,160,47,62,82,57,89,60,27,44,43,16,477833
553,2012,21,11,8,8,31,301,78,53,78,55,85,66,31,51,44,24,622850
854,2012,23,26,6,8,45,180,55,61,71,52,78,59,28,48,40,21,821877
520,2012,20,25,13,8,41,204,132,62,69,51,75,57,28,47,45,19,917106
9675,2012,19,15,5,8,30,114,103,56,70,50,75,62,29,54,45,28,462599
427,2012,24,26,13,8,45,211,142,62,70,51,79,66,31,48,41,22,1345031
7043,2012,24,20,10,9,44,324,181,56,74,50,82,69,29,49,37,21,544400
7127,2012,26,22,12,11,45,260,126,57,70,52,79,62,29,50,38,23,574869
1035,2012,23,23,3,7,45,186,113,62,69,46,74,56,32,47,35,23,1093338
650,2012,27,23,13,11,49,334,190,65,71,49,79,62,30,51,42,24,663888
4009,2012,35,25,13,10,58,379,184,55,73,53,81,60,29,50,41,23,582812
7459,2012,30,26,21,15,56,638,177,64,75,53,85,66,28,46,35,16,711108
7295,2012,26,29,11,10,52,424,116,61,71,45,74,56,31,51,41,25,763366
89,2012,23,16,12,10,39,358,72,66,75,53,84,60,26,48,36,18,549286
468,2012,26,27,14,25,53,543,180,57,77,52,86,70,27,44,36,15,723420
558,2012,26,27,12,11,51,145,100,68,67,47,75,57,30,49,43,23,567953
1841,2012,19,29,11,7,48,78,229,59,65,48,67,53,31,52,40,26,658528
3492,2012,30,32,17,16,57,407,93,65,71,53,81,62,29,47,39,19,660205
568,2012,24,23,9,4,47,93,177,70,65,48,74,61,31,53,45,27,506247
4067,2012,22,24,10,6,45,108,134,65,64,48,70,56,32,50,45,26,533149
11226,2012,17,14,5,6,28,131,137,57,70,50,75,61,28,50,34,23,367523
12043,2012,26,26,11,14,52,385,236,51,73,47,73,57,33,51,37,26,502783
11953,2012,24,19,12,13,43,309,120,62,73,53,82,65,28,48,36,20,413047
6228,2012,17,19,6,8,35,153,89,62,66,50,76,65,28,50,43,20,382103
6691,2012,25,30,13,18,55,175,184,59,66,51,74,62,30,51,42,24,578848
5127,2012,13,21,6,8,31,192,62,60,71,50,75,53,27,46,35,17,406162
11522,2012,26,27,9,8,48,238,72,66,67,50,77,61,29,47,33,19,527353
552,2012,12,14,10,4,26,218,63,64,73,52,82,61,27,46,30,13,644605
1718,2012,14,25,8,9,38,108,81,62,66,51,71,52,28,49,41,22,427051
4149,2012,11,8,7,2,17,132,43,59,71,50,77,63,28,52,46,22,261990
6081,2012,19,28,1,10,42,235,99,59,72,47,75,53,29,50,39,23,499471
5961,2012,21,21,6,5,38,102,36,66,67,53,80,64,28,48,39,21,395445
563,2012,14,17,11,9,31,152,133,54,75,52,79,63,27,49,37,18,378879
762,2012,12,18,8,8,30,142,112,60,72,50,78,58,25,48,41,17,354504
1569,2012,13,21,3,9,30,83,81,54,67,51,72,50,30,48,37,23,299072
735,2012,11,13,10,5,24,111,78,62,68,51,74,54,29,51,41,22,376262
695,2012,6,13,3,4,19,62,19,72,66,50,76,64,27,46,35,16,264129
78,2012,21,24,9,11,45,316,92,58,74,52,80,57,27,49,37,20,527763
2123,2012,8,17,2,5,25,64,51,62,65,50,69,50,28,49,34,18,297924
2904,2012,10,14,2,6,24,174,71,55,71,49,76,58,26,49,37,20,345823
935,2012,25,31,8,8,55,163,146,66,66,48,72,58,34,50,40,29,593827
685,2012,22,21,17,17,42,559,125,61,81,49,86,65,22,46,33,12,360715
6080,2012,8,10,6,2,18,150,37,60,75,49,80,57,28,40,40,17,239460
12661,2012,23,24,12,10,44,286,118,62,71,52,81,63,28,46,40,18,480018
838,2012,6,12,3,4,18,95,46,58,69,49,74,59,28,49,34,17,265661
7540,2012,14,14,7,8,28,178,106,59,74,50,82,65,26,46,37,16,353633
4964,2012,16,26,13,8,40,318,133,57,71,47,73,59,29,49,38,20,524730
4146,2012,19,18,8,13,35,252,109,59,74,51,82,64,26,45,42,16,402106
749,2012,23,27,8,10,48,204,205,61,69,48,75,61,30,49,40,23,560367
469,2012,7,14,4,4,21,97,94,54,69,47,68,55,29,48,41,21,284569
961,2012,20,25,7,6,45,164,184,57,68,49,73,62,31,47,43,23,433242
5917,2012,19,10,3,3,28,198,120,63,71,45,77,62,32,53,42,29,367722
13799,2012,2,5,2,1,7,45,29,59,73,46,76,60,30,51,27,19,135701
8313,2012,10,16,5,4,25,95,83,56,67,52,71,55,27,51,40,19,253902
1837,2012,3,10,0,2,13,32,37,61,64,44,64,58,33,49,35,25,180358
11373,2012,0,4,0,0,4,16,4,60,65,56,74,57,26,40,36,10,117576
564,2012,21,17,10,4,36,122,122,58,70,53,79,60,30,52,39,24,325263
7,2012,16,14,5,4,27,154,102,53,72,49,76,60,28,50,43,22,365620
3833,2012,8,11,5,2,16,46,32,65,69,47,72,51,26,47,42,17,213727
6458,2012,3,9,1,4,12,66,33,62,68,50,77,60,27,46,36,18,197925
10995,2012,4,4,2,1,7,39,25,58,70,43,72,63,27,49,34,17,127516
453,2012,11,11,3,5,22,66,84,63,67,51,73,48,31,50,48,26,246618
619,2012,11,21,2,4,32,14,59,71,62,48,68,56,31,50,43,26,338306
9839,2012,9,12,1,4,18,88,45,61,69,50,77,57,28,50,33,19,218204
72,2012,10,23,8,10,32,56,81,61,67,52,74,56,23,52,42,17,355911
641,2012,3,12,0,4,15,40,78,54,67,48,70,54,26,50,40,20,233429
10402,2012,3,7,3,3,10,90,40,56,68,51,75,65,26,46,41,18,173897
5838,2012,22,17,18,4,36,150,44,64,69,52,77,56,28,52,41,21,301699
6642,2012,6,15,1,6,18,79,71,59,63,45,62,49,30,49,46,23,213315
3682,2012,17,23,6,3,40,31,128,70,61,44,63,56,34,52,45,30,399726
616,2012,7,16,1,2,23,38,79,62,60,50,64,50,31,46,43,23,279352
9471,2012,0,1,0,0,1,2,6,65,61,38,60,43,37,45,42,26,157002
3996,2012,6,18,1,4,24,34,110,57,62,46,61,51,33,52,37,28,287134
4461,2012,1,12,2,5,13,43,61,60,68,46,70,56,24,40,31,11,207690
655,2012,16,17,19,15,30,506,87,65,79,52,87,64,23,44,28,11,345527
11923,2012,5,5,3,1,7,15,22,60,66,47,67,50,31,54,31,26,128390
1672,2012,14,19,7,10,33,166,90,64,71,50,80,59,29,49,37,21,410585
1266,2012,16,28,14,17,40,261,123,59,71,52,80,63,27,45,33,16,378835
7461,2012,7,15,3,10,22,112,70,62,68,51,77,63,28,50,38,20,264222
9521,2012,17,23,8,4,38,206,154,62,69,46,73,59,28,49,34,19,429771
920,2012,4,7,3,1,11,32,19,63,68,48,74,58,30,51,40,20,149589
9043,2012,12,15,3,3,24,79,43,59,63,52,69,53,31,50,43,24,333009
578,2012,16,18,9,8,34,273,92,61,72,50,79,66,26,46,41,19,436167
1576,2012,12,19,4,8,28,66,73,61,68,51,74,59,29,51,35,22,242461
1162,2012,12,17,8,12,28,140,71,61,73,53,81,54,29,47,36,18,246688
9840,2012,4,6,3,2,9,51,33,60,70,49,77,59,25,50,43,17,158877
5844,2012,1,5,0,4,3,24,22,61,67,40,68,50,29,50,35,17,84657
9833,2012,10,5,2,1,15,68,50,50,75,55,83,57,30,51,31,21,150571
84,2012,5,7,1,0,12,58,26,60,70,48,74,61,29,45,53,21,146213
760,2012,10,17,5,6,26,187,64,60,72,49,79,62,29,46,41,20,443824
6002,2012,6,11,4,4,17,91,48,59,69,47,73,61,25,48,32,17,210529
7393,2012,2,3,1,1,5,10,8,58,65,53,78,63,29,45,26,18,108719
717,2012,5,8,2,5,13,52,35,59,63,48,69,58,26,47,47,18,192980
7805,2012,1,4,0,4,5,44,22,61,77,51,86,67,18,42,20,8,134142
609,2012,3,11,1,3,14,84,38,60,73,47,78,62,22,46,25,9,237499
5129,2012,9,16,5,6,25,162,65,56,74,46,75,62,28,49,35,19,258476
7970,2012,3,3,1,1,2,10,2,55,60,42,56,53,25,38,100,11,74078
9094,2012,5,15,3,5,17,140,67,57,72,46,74,57,27,41,31,13,188725
3054,2012,5,5,1,1,9,34,19,65,66,51,72,60,25,47,37,16,149645
488,2012,8,13,4,5,21,108,62,57,70,48,72,53,29,49,44,23,285294
6831,2012,3,6,0,2,9,38,24,59,69,49,72,51,29,49,36,21,128453
638,2012,14,30,5,9,42,92,114,71,65,46,71,57,29,50,37,22,430710
643,2012,0,1,0,0,1,2,1,66,36,40,13,53,21,65,100,29,81883
7456,2012,3,6,0,2,8,11,22,66,68,47,73,47,33,48,42,29,97552
1181,2012,7,9,4,4,16,82,40,58,75,48,79,62,26,45,35,17,284016
11940,2012,6,9,1,4,15,39,41,62,71,49,78,55,32,49,45,24,134201
3685,2012,11,13,2,3,22,37,42,63,65,51,72,59,29,50,45,25,221022
7826,2012,0,3,0,0,3,4,14,57,56,42,55,55,24,47,29,15,106614
6848,2012,17,18,10,6,29,328,144,59,76,48,80,61,26,47,36,17,244832
13429,2012,2,6,2,4,8,40,32,56,66,51,70,61,28,45,36,18,147020
745,2012,5,11,2,6,16,91,34,68,66,49,75,56,30,46,33,19,171308
10231,2012,0,2,0,1,1,3,7,55,69,47,67,64,24,42,75,20,71147
5136,2012,3,1,1,0,1,2,18,55,68,43,76,68,34,48,31,15,67949
693,2012,2,9,3,3,11,64,44,55,70,48,73,56,24,41,25,9,180526
8152,2012,9,11,4,6,20,95,92,59,74,51,83,69,25,50,35,18,175631
1157,2012,4,6,3,1,10,37,39,59,66,47,69,59,28,51,45,21,106072
7818,2012,6,10,2,3,14,48,28,64,64,50,71,48,30,49,36,19,176662
10507,2012,4,1,4,1,0,0,0,0,0,0,0,0,0,0,0,0,69343
775,2012,4,10,1,5,12,31,33,61,69,50,78,62,27,43,24,13,137230
7757,2012,2,3,0,1,5,29,14,56,66,50,71,36,30,47,62,22,112893
4178,2012,4,7,1,0,11,46,22,61,67,50,74,60,26,48,34,17,135616
649,2012,2,3,1,0,2,9,7,63,60,46,59,42,34,34,47,21,97400
17474,2012,5,7,4,3,12,114,71,55,72,53,80,69,27,44,33,16,163009
662,2012,0,1,0,0,1,4,2,61,73,50,73,43,36,62,40,29,79886
6431,2012,5,8,6,6,13,144,49,61,77,50,86,66,24,45,31,12,137896
7042,2012,0,1,0,0,1,6,2,62,51,46,46,67,22,47,100,15,90968
763,2012,3,4,1,4,5,20,13,64,66,57,77,57,32,45,47,23,128254
9517,2012,0,1,0,1,1,9,7,57,73,38,75,62,22,39,38,15,87124
12587,2012,3,6,1,1,6,21,24,61,65,44,63,53,32,50,44,25,131301
875,2012,0,3,1,0,3,19,11,59,61,46,57,58,33,49,34,24,101725
9229,2012,4,4,1,2,6,65,11,61,77,49,82,63,30,44,40,18,92919
4236,2012,3,6,1,3,7,37,29,61,67,48,75,66,31,51,51,25,118533
516,2012,5,21,6,9,24,78,40,59,64,47,64,53,26,49,40,19,266223
12190,2012,2,1,0,0,2,4,3,58,79,61,86,33,37,37,38,21,56059
814,2012,8,18,6,6,26,70,34,70,66,50,76,62,27,44,33,15,299105
891,2012,2,6,1,1,6,28,17,52,69,46,66,53,13,43,31,9,97114
864,2012,3,7,2,3,6,24,25,61,67,47,69,61,30,46,44,23,71204
4003,2012,4,5,3,4,9,86,37,56,76,49,82,69,27,37,49,15,181313
11521,2012,1,3,1,0,4,7,15,63,66,47,71,65,21,43,31,8,85524
2379,2012,3,4,0,3,7,7,22,58,64,45,64,60,36,55,39,33,119325
12594,2012,0,1,0,0,1,8,6,53,69,40,58,50,16,28,0,0,56249
11178,2012,3,5,2,7,8,77,35,60,75,51,88,79,19,41,33,9,143840
492,2012,6,12,4,2,17,36,41,66,61,51,66,58,33,50,42,27,287447
13796,2012,9,16,3,2,22,80,71,61,64,48,67,59,31,48,39,22,239534
10030,2012,2,1,0,0,3,22,9,52,77,46,79,63,41,54,78,48,49238
6820,2012,0,1,0,0,1,1,2,55,56,50,58,50,29,72,40,46,71910
9584,2012,0,1,0,0,1,4,4,59,57,43,55,47,33,48,44,20,73241
918,2012,1,5,1,2,5,11,15,61,68,47,72,53,28,49,37,22,92556
12921,2012,2,4,3,1,2,0,5,55,52,41,44,50,20,46,43,18,55260
12851,2012,1,5,1,1,6,14,11,62,63,43,61,33,35,48,38,28,99430
6277,2012,2,8,1,2,8,53,18,59,72,45,69,42,24,51,38,15,120727
3316,2012,0,1,0,1,1,2,5,58,61,45,64,50,24,36,20,7,78343
2214,2012,1,1,1,1,2,17,2,66,71,54,81,44,34,49,33,30,51597
6627,2012,5,24,5,8,29,63,119,61,64,43,64,54,31,48,33,21,287559
10292,2012,0,2,1,0,2,16,4,59,76,50,79,57,18,52,13,3,60513
7806,2012,1,7,0,1,8,29,21,60,66,40,60,46,24,46,32,15,132036
575,2012,2,1,0,0,3,7,12,57,59,48,63,69,39,43,45,27,56395
7803,2012,3,1,1,1,0,0,0,0,0,0,0,0,0,0,0,0,49802
9516,2012,0,1,0,0,1,1,2,68,67,61,78,71,24,43,0,0,63399
4078,2012,0,1,0,1,1,3,2,70,63,63,82,71,15,43,33,9,59549
9831,2012,0,1,0,0,1,4,1,61,64,50,67,25,17,50,0,0,37664
12653,2012,1,1,0,1,2,3,9,47,60,48,58,50,42,53,48,44,49017
677,2013,75,7,18,7,81,221,120,69,73,57,88,69,35,54,47,34,14570935
5992,2013,74,9,22,10,76,476,118,66,75,60,88,65,35,55,42,33,12447947
673,2013,60,24,12,9,84,265,190,63,70,53,79,57,34,56,42,33,4868953
1075,2013,43,8,16,7,49,353,108,62,75,52,85,66,34,55,44,31,5416221
6465,2013,51,16,21,12,67,475,143,65,75,54,86,66,28,53,41,24,4294039
19,2013,45,17,15,10,62,399,104,63,76,55,87,65,33,51,39,26,3203637
831,2013,54,25,18,19,74,603,169,59,78,52,86,67,30,54,41,25,2977405
1092,2013,51,23,17,16,71,488,182,60,74,55,85,66,31,50,38,23,2880925
674,2013,50,23,15,14,71,432,189,60,74,54,83,64,30,54,39,25,2661899
3985,2013,39,16,17,13,52,429,108,63,76,53,88,69,30,47,42,21,1753946
11704,2013,45,21,20,19,60,883,182,63,82,53,91,68,28,44,33,16,1727799
22,2013,47,21,16,10,68,415,226,61,74,54,84,64,31,49,38,24,1719497
4045,2013,42,23,17,17,65,622,160,57,78,54,85,65,29,52,44,25,1497347
5837,2013,39,24,38,18,60,979,104,68,78,56,90,71,24,44,31,12,1258739
75,2013,39,24,11,12,63,279,160,62,70,51,80,64,30,51,42,25,1790794
4067,2013,42,27,14,10,67,183,215,60,67,50,73,60,33,54,43,31,1480993
8806,2013,36,19,9,7,53,140,150,63,69,52,78,57,31,55,43,30,1180923
84,2013,36,20,14,10,56,252,121,61,71,52,79,61,33,50,41,27,1214413
4010,2013,36,24,16,10,58,236,144,58,68,50,74,63,32,52,41,27,1077437
7459,2013,37,23,19,16,60,651,182,65,76,54,86,66,28,47,35,18,1020301
12083,2013,27,20,16,11,43,462,227,61,76,50,84,67,29,44,36,18,1353039
678,2013,32,25,19,14,55,359,97,59,75,56,85,66,28,49,39,19,1092580
11953,2013,37,23,9,13,58,469,164,62,76,51,83,60,29,48,38,22,1046764
6848,2013,37,18,13,10,50,390,182,61,76,49,83,68,31,50,44,25,704501
791,2013,30,29,9,11,55,287,168,59,71,49,77,59,29,51,39,23,1077787
12043,2013,32,30,17,12,62,537,234,52,74,47,76,59,32,49,41,24,946262
520,2013,25,27,8,12,48,214,134,66,68,50,77,60,29,48,36,21,923311
468,2013,29,20,14,10,49,546,174,59,75,53,84,64,28,45,36,17,885990
609,2013,31,21,16,6,50,372,228,57,74,49,81,66,28,50,42,22,733286
672,2013,29,23,14,10,50,296,248,62,73,53,81,61,30,51,37,21,1334555
5917,2013,33,22,13,14,55,424,201,66,71,49,80,64,32,48,40,25,647271
9094,2013,17,18,11,15,32,359,127,55,79,51,86,65,29,47,34,18,614286
4964,2013,33,27,13,15,56,520,167,60,74,52,82,63,29,49,44,23,1255455
7043,2013,22,25,12,9,47,389,246,61,74,49,81,64,28,49,36,18,945291
650,2013,27,25,14,10,52,314,147,64,70,50,77,55,30,50,40,24,1139636
728,2013,20,24,7,14,42,261,93,58,72,52,81,68,27,49,38,19,816264
6101,2013,26,12,11,5,36,301,87,56,76,56,84,66,30,52,42,24,680052
1035,2013,27,24,7,6,50,206,112,61,68,51,75,57,29,52,42,24,1134875
558,2013,31,27,14,13,57,186,125,66,68,51,77,58,27,53,42,24,752229
854,2013,29,26,9,10,52,231,89,63,69,51,78,59,30,48,41,23,735923
935,2013,28,25,7,11,49,163,113,68,69,51,76,58,30,53,41,25,615753
1042,2013,25,23,7,12,43,88,82,70,65,53,74,54,32,55,43,31,693977
6081,2013,30,26,10,14,54,326,152,62,72,49,80,64,28,49,42,20,708489
427,2013,16,17,4,8,30,137,85,64,69,49,76,58,30,52,39,26,862891
3492,2013,32,30,13,13,59,373,117,64,72,52,82,67,27,47,39,18,765749
4061,2013,27,22,18,16,45,576,162,60,79,48,84,61,27,45,34,16,659401
4146,2013,23,27,9,11,46,319,151,58,73,49,78,63,28,47,34,19,654721
1841,2013,18,31,4,10,49,73,167,60,65,48,70,62,29,51,36,22,735774
11923,2013,16,14,2,3,27,77,62,62,68,47,74,58,29,49,40,23,496686
578,2013,17,7,6,7,24,204,79,60,78,53,88,68,31,47,41,23,596784
11522,2013,25,22,19,14,43,345,58,68,72,51,84,67,23,48,34,15,697132
1672,2013,23,26,4,15,49,190,123,64,70,50,79,60,28,48,37,21,815655
568,2013,22,22,4,6,44,98,102,68,66,50,75,60,32,52,48,28,635584
6431,2013,24,23,10,9,46,390,103,67,73,54,85,62,25,47,34,14,556322
11940,2013,12,8,9,4,20,66,60,60,71,53,80,66,30,47,38,19,317845
6458,2013,15,23,8,13,37,206,100,62,70,49,77,62,24,45,37,16,605803
7452,2013,24,27,12,10,46,319,124,52,75,50,77,56,28,49,38,21,613131
1837,2013,26,22,16,5,48,106,82,71,65,52,75,60,30,53,42,25,542039
7806,2013,10,15,2,6,25,141,62,61,70,51,79,70,24,51,41,18,477350
7,2013,24,18,9,7,40,247,161,51,70,52,76,59,29,52,44,26,548854
6228,2013,18,25,10,8,41,158,109,59,69,48,72,55,29,52,40,25,521331
961,2013,20,22,7,7,41,139,189,55,70,48,73,59,29,53,40,25,437954
616,2013,18,19,5,3,37,144,125,61,68,50,75,63,30,48,36,21,464953
14432,2013,7,7,3,1,14,39,22,58,65,48,68,47,31,50,42,25,183071
762,2013,17,17,6,8,34,131,108,63,70,52,79,58,30,52,39,25,457327
748,2013,10,13,5,7,21,178,67,60,75,50,81,62,24,44,39,15,303782
9043,2013,6,6,3,1,11,55,26,55,69,47,71,57,30,53,58,29,276434
9521,2013,6,11,2,3,15,84,85,59,72,44,70,53,28,44,32,19,243380
5961,2013,16,25,3,6,38,159,69,64,69,51,77,57,27,47,35,19,435464
6080,2013,20,25,10,11,43,384,87,58,75,50,80,57,26,48,39,18,649465
619,2013,5,11,2,3,16,8,28,71,61,50,68,56,32,49,45,28,290328
749,2013,10,20,6,5,26,170,117,62,68,46,71,53,29,51,40,23,759319
1576,2013,4,10,2,2,11,16,39,61,63,46,63,51,31,50,34,26,207070
3996,2013,17,22,6,5,38,85,98,61,66,49,74,60,30,52,43,26,448032
7295,2013,19,19,7,7,36,240,76,60,71,47,75,55,33,47,39,24,513025
918,2013,2,2,0,2,4,21,10,61,65,56,81,67,31,45,24,18,179026
838,2013,14,27,7,11,41,229,150,58,71,48,75,59,29,48,38,20,504484
655,2013,15,13,18,11,28,485,96,65,82,54,91,65,21,40,28,7,362974
2904,2013,9,20,7,11,29,211,89,57,74,48,77,55,24,47,38,16,397784
695,2013,18,26,11,15,43,155,47,70,68,50,79,59,27,45,32,17,492538
5127,2013,14,17,6,2,27,154,76,58,70,47,73,57,27,49,37,19,363335
4236,2013,5,5,2,3,7,21,12,64,74,54,84,65,25,51,31,17,121937
6691,2013,20,23,8,9,41,141,97,61,70,51,76,54,30,49,40,23,465313
7805,2013,8,15,5,5,23,203,112,64,72,51,83,70,24,42,34,11,389027
18017,2013,0,7,2,1,5,29,28,61,68,41,68,57,22,49,50,16,170291
6962,2013,3,6,2,4,9,44,31,70,65,49,72,65,31,46,29,17,183893
4009,2013,15,22,6,14,36,275,155,53,75,52,82,64,25,49,35,18,530095
638,2013,6,9,2,4,14,39,49,69,64,52,73,58,28,52,44,21,258192
6831,2013,8,11,3,6,19,112,46,63,69,51,77,62,29,51,38,23,291027
4084,2013,13,12,5,5,23,106,45,59,67,51,75,66,27,51,39,22,317318
3639,2013,0,1,0,0,1,7,6,55,72,41,69,60,42,57,31,38,125997
453,2013,7,15,4,2,22,57,57,64,65,47,69,54,26,51,38,20,307969
7345,2013,0,1,0,0,1,6,1,56,75,32,70,57,18,40,0,0,134533
7540,2013,13,18,9,6,29,135,108,62,69,49,75,58,28,46,41,19,382134
10995,2013,11,18,5,4,29,228,106,57,72,49,75,56,28,49,42,20,321409
6627,2013,2,3,0,0,5,13,22,63,62,44,67,64,35,61,40,35,145379
11003,2013,1,3,2,3,4,32,9,69,75,53,81,43,25,45,32,14,153604
1266,2013,11,17,6,5,25,159,67,63,71,50,77,55,29,45,36,18,375359
1718,2013,15,22,6,9,33,128,89,57,67,50,73,55,29,51,44,24,364141
12661,2013,11,21,7,8,32,223,109,60,71,49,77,65,24,46,37,14,373921
5929,2013,1,4,0,0,4,23,18,53,69,42,62,29,22,52,36,13,154564
17474,2013,10,13,4,5,23,160,120,54,75,51,80,64,25,48,46,18,344809
1569,2013,9,17,4,8,21,79,61,57,70,48,71,49,25,46,38,17,307766
6642,2013,11,15,2,8,24,107,60,63,68,50,75,58,31,50,41,24,299565
552,2013,13,13,8,3,25,189,83,61,74,53,82,58,29,44,35,17,634228
920,2013,9,15,1,3,23,76,30,66,63,49,69,60,30,49,39,21,280862
14177,2013,4,9,1,7,13,85,53,59,71,49,76,56,25,53,38,21,243998
9675,2013,12,24,7,8,36,216,140,55,68,49,73,66,28,50,37,20,513019
2123,2013,13,25,5,5,37,109,86,57,68,48,72,57,31,48,35,20,437565
11226,2013,11,23,4,9,32,98,164,62,65,49,68,55,32,48,43,23,367620
4003,2013,2,3,0,2,5,61,14,63,74,49,85,73,25,43,46,15,224446
5844,2013,3,7,1,4,9,61,47,57,73,43,73,57,24,46,39,15,195695
11373,2013,13,20,6,11,31,181,79,58,73,49,80,63,26,47,33,15,407651
13429,2013,5,11,0,5,16,58,47,60,70,51,78,63,23,51,38,20,269843
1113,2013,2,2,1,0,4,20,15,61,72,51,78,50,28,55,33,22,166690
12190,2013,0,6,0,1,4,11,14,56,72,38,67,62,26,46,47,15,104866
17829,2013,1,5,0,1,6,6,25,70,56,48,58,51,27,57,47,27,120430
9471,2013,7,13,5,5,20,76,57,58,67,48,70,51,25,48,34,17,257418
4461,2013,2,9,2,0,7,15,32,59,63,40,60,48,17,42,29,5,204562
662,2013,0,5,0,2,5,16,19,53,61,45,58,57,16,46,35,11,175040
4149,2013,13,21,10,10,32,235,114,57,72,46,75,62,28,47,36,19,407059
891,2013,3,4,3,1,5,48,14,63,70,51,75,62,26,50,36,20,150756
13765,2013,0,3,0,0,3,3,12,59,61,51,62,55,35,50,36,25,78077
7127,2013,8,18,6,6,22,135,76,54,69,51,73,58,27,50,32,18,321515
5083,2013,0,2,0,0,2,5,2,59,73,34,64,47,22,40,20,4,78914
1181,2013,4,11,2,1,15,111,39,63,70,46,76,61,26,46,37,18,339271
8721,2013,1,4,1,2,1,4,3,49,65,36,47,18,38,50,58,41,96649
563,2013,6,19,2,7,25,126,104,55,71,48,75,54,24,47,37,15,340564
10292,2013,5,11,4,3,16,143,59,58,72,49,75,58,22,51,33,14,227990
9833,2013,13,16,7,6,27,164,121,55,73,52,81,66,27,49,31,18,308163
3054,2013,1,8,3,1,7,13,20,61,63,47,60,44,24,41,35,11,173215
3994,2013,6,8,5,1,14,45,30,62,65,51,71,62,32,45,35,18,172335
13799,2013,9,19,5,6,27,133,80,59,68,49,73,60,30,46,33,19,331900
78,2013,13,19,5,7,32,226,83,55,71,50,74,57,27,52,39,20,406993
11517,2013,3,7,3,1,10,135,38,58,74,48,79,62,26,45,31,15,206158
10402,2013,8,13,6,6,21,130,96,56,71,49,75,61,28,52,34,21,284980
1157,2013,2,3,0,1,5,14,8,68,61,53,67,60,32,50,46,27,123448
20650,2013,4,2,0,1,6,35,15,53,77,59,90,72,29,51,37,24,69679
7818,2013,1,4,1,2,5,28,8,63,77,51,82,64,20,37,0,0,99879
6820,2013,0,1,0,0,1,0,6,51,62,40,50,42,36,53,50,36,97304
5103,2013,2,4,0,3,6,38,10,59,76,47,79,42,26,46,21,12,147799
745,2013,2,3,0,2,5,20,18,65,70,42,77,66,36,49,36,31,122834
5054,2013,2,1,0,0,2,4,9,53,71,38,61,61,33,53,38,28,73554
7970,2013,10,10,7,2,17,106,34,61,70,47,75,64,26,48,42,18,248284
9229,2013,3,6,1,3,6,54,20,56,72,49,78,59,22,41,24,7,101075
9840,2013,4,6,3,3,8,64,26,64,72,52,83,69,28,51,43,19,139903
7461,2013,6,14,3,8,20,106,105,58,67,50,73,64,27,47,40,18,263069
9305,2013,6,4,3,2,6,43,28,60,70,49,75,59,31,55,48,29,141733
14727,2013,1,2,0,1,3,20,10,60,70,49,75,63,26,47,41,24,111199
814,2013,1,1,0,0,2,7,1,77,60,53,73,73,25,52,30,14,117620
488,2013,9,14,3,8,23,138,63,54,75,48,79,63,26,53,41,22,354210
864,2013,2,3,1,3,2,15,4,66,71,54,80,44,26,54,78,27,68748
8313,2013,5,9,2,1,11,41,40,56,66,47,68,52,26,48,34,15,174505
11178,2013,4,10,5,7,14,130,59,56,73,50,83,69,24,39,38,12,251163
1936,2013,1,1,0,1,2,12,8,66,73,45,85,69,31,53,33,24,83474
14814,2013,0,1,0,2,1,6,3,60,68,51,83,79,19,53,67,22,71558
5129,2013,2,6,2,2,8,48,29,57,68,46,72,64,25,46,43,15,118235
7826,2013,4,7,0,1,11,23,61,61,62,42,60,56,30,55,47,32,142572
7772,2013,1,4,2,4,3,33,8,64,72,53,84,69,26,46,17,10,109682
9584,2013,1,1,1,0,2,23,14,54,77,50,78,65,27,54,48,23,104390
20104,2013,0,1,0,0,1,2,1,72,55,50,55,55,24,68,60,27,52099
5838,2013,5,6,3,3,8,32,21,63,67,54,77,60,23,51,30,13,174429
5136,2013,1,4,1,0,4,13,25,58,66,44,68,56,29,43,33,13,115947
641,2013,2,6,1,2,8,34,33,54,71,46,73,62,28,46,40,20,104838
13796,2013,2,3,0,0,5,15,5,65,66,51,78,66,28,43,35,13,96509
6002,2013,2,1,0,0,1,2,2,48,62,48,62,55,17,33,50,8,90678
10828,2013,5,1,1,1,0,0,0,0,0,0,0,0,0,0,0,0,58647
7393,2013,2,3,0,0,4,11,15,60,58,38,50,54,30,55,42,27,69634
779,2013,1,3,0,1,1,3,1,69,57,48,60,64,28,42,33,10,83189
9488,2013,1,3,2,0,4,62,20,64,72,55,80,58,28,42,29,12,108115
775,2013,1,5,1,3,4,17,17,62,70,45,78,71,26,49,37,14,96404
763,2013,1,3,1,0,4,20,12,66,64,46,64,48,31,40,32,20,134111
10231,2013,3,4,0,1,5,6,15,50,61,51,64,61,34,41,50,24,97084
875,2013,4,5,3,3,9,33,25,68,67,42,71,54,30,50,37,22,127501
5058,2013,2,1,1,0,2,15,7,68,75,40,72,44,22,32,33,11,59971
4178,2013,2,4,1,2,6,50,25,60,68,49,75,63,20,45,36,14,119804
4454,2013,0,1,0,1,1,0,7,66,64,46,79,75,15,44,20,6,66457
13674,2013,2,3,1,0,2,11,9,58,69,52,74,50,32,52,40,27,44467
22434,2013,2,2,3,0,3,21,14,62,72,45,76,54,15,37,22,4,109784
13269,2013,1,1,0,0,0,0,0,0,0,0,0,0,0,0,0,0,28441
882,2013,0,2,0,0,2,8,11,53,63,49,68,64,31,44,19,11,78638
13447,2013,2,1,1,0,0,0,0,0,0,0,0,0,0,0,0,0,42662
3682,2013,2,9,0,4,11,11,41,69,56,43,55,52,30,45,47,21,170843
7803,2013,2,5,2,3,3,20,10,71,72,45,80,62,23,44,38,13,111375
9831,2013,2,4,0,0,6,37,25,63,67,47,72,64,31,50,39,25,79792
7007,2013,0,3,0,0,3,6,6,58,55,47,52,41,36,51,33,28,82527
11438,2013,0,1,0,1,1,6,8,62,64,37,62,62,35,56,55,29,85007
2379,2013,2,5,3,0,7,20,28,54,70,50,72,61,25,46,26,12,137038
12495,2013,2,1,0,0,1,8,3,67,69,47,80,71,22,44,0,0,44023
10813,2013,1,1,0,0,2,8,2,67,79,46,79,56,35,56,62,40,46893
7455,2013,0,1,0,0,1,2,1,67,54,58,64,38,30,43,22,15,51217
7555,2013,2,1,0,1,1,1,4,69,42,50,44,40,47,63,64,56,36885
5992,2014,61,8,13,10,69,428,105,67,75,56,88,63,33,58,45,33,14269462
19,2014,73,12,27,15,78,627,117,64,79,58,91,71,32,51,39,26,9393122
677,2014,48,11,12,12,59,181,90,70,72,55,85,66,35,56,48,35,6746473
1092,2014,39,17,21,11,51,439,138,55,79,54,86,61,29,50,42,22,5636675
8806,2014,54,14,19,10,66,286,186,60,73,54,84,64,30,53,42,28,4439218
1075,2014,59,20,13,12,75,450,201,60,74,51,81,61,33,55,44,32,3918242
831,2014,55,22,9,16,74,607,196,58,78,54,86,63,30,54,39,25,3944068
11704,2014,49,20,39,13,67,1107,208,61,83,54,90,69,27,45,39,16,3514743
6101,2014,54,21,20,11,72,744,203,57,79,50,85,66,30,50,37,22,4957288
673,2014,54,24,17,12,78,175,194,63,69,52,79,62,34,56,43,33,2815066
11953,2014,50,18,20,14,67,520,216,61,77,54,86,64,29,50,42,22,2795407
3985,2014,36,19,19,10,50,533,117,62,77,54,87,70,29,45,39,18,1961907
6848,2014,41,21,19,12,62,650,230,60,78,51,85,64,29,50,40,21,1784740
468,2014,39,26,22,21,64,638,198,60,78,53,86,69,25,45,34,15,1669870
1837,2014,45,23,12,9,64,172,127,69,70,53,81,65,31,53,43,26,1467793
7459,2014,38,24,17,16,62,723,177,66,75,51,86,69,26,48,35,18,1497611
84,2014,43,26,24,20,69,355,138,64,74,54,85,64,29,49,37,21,1474249
5917,2014,36,15,14,6,47,405,192,65,73,50,82,62,34,50,40,27,1306554
5837,2014,39,20,42,22,57,989,104,68,79,57,93,75,24,42,24,9,1338424
4067,2014,40,26,12,5,60,204,238,59,69,48,73,56,32,51,43,27,1230758
4010,2014,27,25,10,12,52,304,128,56,71,51,78,63,31,53,45,26,1286700
11226,2014,25,15,5,6,36,219,128,56,73,51,79,58,29,53,41,27,759048
7452,2014,27,21,15,12,48,410,100,55,75,52,82,62,30,51,38,23,1018061
678,2014,37,25,13,12,61,346,97,59,73,56,84,62,29,50,43,23,1149235
650,2014,26,24,6,15,47,358,137,64,72,50,82,63,28,49,37,21,1478197
674,2014,31,19,16,6,47,271,78,65,73,56,84,59,28,50,38,21,871154
655,2014,36,28,34,31,64,1185,177,67,84,54,93,72,21,40,32,9,891925
7540,2014,28,20,16,10,46,304,188,60,75,54,82,61,29,49,38,19,1157432
7043,2014,33,27,20,20,60,507,241,59,77,50,82,63,27,50,39,19,1020295
3577,2014,18,12,8,5,29,166,90,60,72,51,78,58,29,53,39,25,629969
4146,2014,29,29,18,10,53,336,145,57,72,50,78,60,27,47,41,17,929315
5961,2014,29,29,12,12,55,201,77,63,70,50,78,63,30,49,42,23,1011935
672,2014,26,20,12,16,46,260,218,66,72,51,82,66,30,49,39,22,973655
9675,2014,25,14,12,10,36,206,115,57,72,51,79,60,29,52,42,24,714798
4061,2014,28,21,14,14,45,646,127,61,79,52,87,67,26,46,37,16,686148
961,2014,25,26,7,13,51,182,195,57,69,48,74,58,32,50,40,26,929659
11178,2014,19,20,11,13,39,321,96,59,75,52,84,62,25,45,33,14,562740
762,2014,24,21,11,9,45,173,136,64,71,52,80,66,26,51,41,21,623514
20650,2014,22,23,9,6,44,193,129,58,71,51,77,60,29,50,37,22,754479
2904,2014,27,26,12,12,53,330,156,59,74,49,79,60,27,49,37,20,678782
1841,2014,22,23,2,10,44,68,102,66,64,52,73,57,32,53,42,29,735953
17474,2014,27,20,10,11,47,299,184,59,76,54,86,69,25,47,42,19,1010881
12083,2014,24,26,15,11,46,395,309,60,74,47,79,60,27,48,39,18,744713
24225,2014,0,1,0,0,1,1,5,55,58,33,44,50,14,26,0,0,67418
4461,2014,2,4,1,1,3,4,10,64,63,47,64,52,29,56,35,26,78608
453,2014,6,11,5,1,17,39,57,63,65,49,71,54,28,51,33,20,249018
20104,2014,0,3,1,1,3,7,7,61,66,49,73,48,27,45,33,15,100453
5838,2014,0,3,1,2,1,9,6,61,67,58,81,69,28,49,46,24,84263
13957,2014,0,4,0,2,3,6,11,59,61,42,60,48,25,48,32,20,77847
814,2014,1,2,0,1,3,13,9,71,69,40,76,63,23,48,29,13,125724
16994,2014,2,2,0,0,4,24,17,59,70,51,76,65,29,43,50,19,115215
21506,2014,3,3,2,2,6,10,21,59,60,49,66,59,33,55,54,35,85287
10828,2014,7,4,1,0,5,8,17,66,62,44,70,64,33,48,31,19,116867
10901,2014,2,6,2,2,8,97,48,58,76,44,76,59,23,38,27,10,193594
749,2014,5,12,3,3,17,130,97,59,70,50,77,64,25,47,32,16,792102
1157,2014,0,5,1,2,5,30,13,61,60,52,61,57,24,47,26,14,115735
9229,2014,7,7,3,3,12,126,24,60,75,52,86,70,23,44,23,11,147767
26059,2014,2,1,0,3,0,0,0,0,0,0,0,0,0,0,0,0,41768
748,2014,4,21,8,8,22,183,83,60,71,48,74,60,24,46,37,15,337164
9840,2014,0,2,1,0,0,0,0,0,0,0,0,0,0,0,0,0,98760
20648,2014,2,7,3,2,7,10,19,65,61,50,67,50,23,48,31,18,125712
8721,2014,1,1,0,2,1,1,2,64,61,52,70,50,34,45,29,18,78269
23298,2014,0,1,0,0,1,4,3,63,65,60,77,67,21,43,50,14,59648
1747,2014,0,1,0,0,1,7,1,69,61,50,64,50,31,42,17,7,102101
5103,2014,3,8,2,0,11,88,29,62,73,45,73,55,24,49,30,14,153892
14716,2014,0,1,1,0,1,4,5,59,69,45,73,50,27,55,25,13,53997
6962,2014,1,10,1,4,11,32,44,70,65,39,66,63,30,49,32,22,183053
12587,2014,1,4,1,1,2,10,8,63,64,51,71,63,25,48,29,12,102443
6820,2014,2,8,2,0,8,27,29,59,65,47,64,38,27,48,49,20,150769
10819,2014,1,1,0,1,2,38,12,61,79,45,83,65,34,45,41,24,119569
9839,2014,1,2,0,2,3,11,8,62,67,52,74,18,13,43,33,8,123778
7826,2014,0,1,0,0,1,2,2,70,57,50,60,50,28,41,20,11,78530
12661,2014,5,13,0,6,18,93,59,59,70,48,76,58,27,43,37,15,271790
10637,2014,0,1,0,2,1,8,5,66,70,48,78,43,28,46,45,28,66409
20847,2014,0,5,1,2,5,28,14,60,69,46,70,55,19,44,13,5,115080
5929,2014,1,5,1,1,6,46,22,61,73,47,77,56,25,48,29,11,251109
9676,2014,0,2,0,2,2,12,6,61,72,46,84,58,24,39,25,6,105709
12097,2014,0,1,0,1,1,9,4,57,62,55,76,71,31,27,100,25,48860
575,2014,1,1,0,1,2,24,3,70,72,46,80,67,28,56,35,16,105963
10590,2014,2,1,0,1,1,4,9,55,66,45,72,69,27,49,50,11,93000
7806,2014,16,23,3,10,39,192,103,62,67,51,75,56,29,51,45,25,538098
791,2014,24,30,10,12,50,253,145,57,70,52,77,64,31,49,37,22,783648
1035,2014,19,28,9,9,47,225,111,61,69,48,73,54,29,49,40,23,1233552
685,2014,6,6,6,3,10,168,40,62,78,48,83,55,22,42,23,10,263430
75,2014,18,23,7,8,41,145,100,63,66,53,75,60,30,50,40,24,819027
3492,2014,28,26,14,14,51,354,82,68,72,51,81,63,27,48,40,19,685377
7,2014,20,16,4,9,34,165,162,53,72,49,75,62,30,54,44,27,533952
14432,2014,13,25,6,6,38,120,79,61,68,49,71,54,28,50,41,22,593615
22434,2014,10,9,13,10,15,281,73,65,75,50,84,65,25,45,38,14,648473
9094,2014,20,23,8,11,42,392,160,59,75,52,83,62,26,46,37,16,1152242
11923,2014,24,36,14,12,57,152,116,60,67,48,72,61,29,46,38,19,771826
3833,2014,6,9,4,3,14,80,36,64,71,59,82,51,27,43,33,13,437511
11522,2014,17,15,11,12,32,298,36,67,75,54,85,60,25,47,36,15,510619
6627,2014,18,22,9,8,39,122,143,62,69,50,76,58,30,50,39,22,548564
1266,2014,20,20,9,11,34,214,115,64,73,47,80,61,26,48,36,18,480037
14177,2014,15,17,3,8,32,198,74,58,74,50,80,60,26,50,37,18,452641
11940,2014,20,27,6,14,47,195,122,62,71,53,81,63,27,49,36,18,622031
17829,2014,2,4,0,1,6,4,13,60,57,50,62,44,37,49,49,36,281023
1042,2014,22,20,9,9,41,77,64,70,64,54,73,53,31,53,43,29,520204
6691,2014,13,20,1,11,33,77,66,64,65,50,74,54,31,49,45,24,370629
2123,2014,11,14,1,3,25,96,53,57,69,48,73,61,33,49,46,27,335200
7127,2014,17,13,6,9,28,190,91,56,72,53,79,59,27,51,43,21,385620
18017,2014,16,17,10,10,31,177,128,63,71,52,78,61,27,48,34,19,496637
918,2014,19,25,4,8,43,132,131,60,67,47,72,57,29,52,41,24,667456
427,2014,17,18,11,8,33,193,111,60,72,50,79,59,30,51,40,23,684598
12190,2014,16,19,8,7,31,166,76,61,69,51,77,62,27,47,40,19,545275
9043,2014,16,27,11,16,39,154,58,60,68,51,76,62,27,51,37,22,621390
4045,2014,14,9,5,3,23,162,45,56,77,55,81,60,31,49,38,22,380294
935,2014,19,18,7,5,33,100,80,67,66,49,73,61,32,52,42,27,493288
558,2014,26,27,13,11,49,156,125,65,70,49,77,58,26,52,38,20,643181
4236,2014,12,23,7,6,31,99,98,60,66,51,71,62,28,45,44,19,498616
6228,2014,22,22,14,8,44,240,131,59,71,49,76,63,28,50,38,20,514884
6002,2014,8,11,4,5,19,74,58,49,72,50,77,65,24,47,35,15,318825
22,2014,14,11,5,2,25,114,50,64,72,53,81,57,29,50,45,23,391180
5054,2014,9,10,6,6,17,75,44,62,70,52,77,52,25,46,47,18,346518
9584,2014,8,9,5,7,15,111,53,57,75,49,81,67,27,47,43,19,290717
13269,2014,5,9,2,3,13,65,52,61,71,47,76,60,32,43,38,19,284147
9488,2014,10,13,11,13,22,343,92,62,81,53,89,67,24,41,31,10,467566
5844,2014,5,8,3,4,11,80,60,56,72,48,80,72,26,48,35,19,262379
6081,2014,18,23,3,13,38,201,92,61,70,49,78,56,29,47,39,19,593581
6080,2014,10,28,3,15,35,221,91,59,72,48,77,58,27,50,40,20,537758
4009,2014,7,11,5,3,18,116,82,52,74,51,78,51,28,49,33,17,278643
9833,2014,11,7,3,3,13,36,21,57,71,50,78,56,28,47,31,17,207222
1672,2014,21,28,13,18,49,212,113,67,70,51,82,68,26,48,37,18,1158850
1718,2014,11,17,8,6,26,103,106,56,68,45,69,59,25,52,43,22,436848
4003,2014,13,16,12,9,29,243,130,63,74,49,81,60,26,49,34,16,389506
7818,2014,1,3,0,1,4,12,4,63,72,54,80,64,32,47,38,21,117631
3639,2014,9,20,4,3,28,118,60,60,66,47,68,56,28,50,43,19,398236
13799,2014,9,8,3,4,16,89,37,60,71,48,78,60,28,53,37,21,363002
8313,2014,3,6,2,4,8,47,29,61,68,54,80,66,22,50,39,16,195765
5127,2014,14,18,4,6,28,137,72,58,71,51,77,55,25,46,44,17,324162
4964,2014,15,23,7,13,38,322,131,59,75,49,81,60,29,48,37,20,925344
25165,2014,7,6,3,3,11,82,30,58,73,55,84,65,28,51,39,23,230365
563,2014,11,17,6,9,28,114,88,57,70,54,79,63,23,49,34,16,360867
3996,2014,10,17,7,5,25,61,82,61,67,52,76,62,24,51,35,16,364951
1576,2014,18,21,6,9,35,60,108,61,67,52,73,56,29,51,42,24,375426
1569,2014,2,4,0,2,4,9,10,61,63,37,58,53,31,53,37,26,131346
13277,2014,7,4,0,1,8,42,7,59,73,54,80,61,27,49,39,23,178982
7295,2014,8,4,3,2,12,109,26,55,79,49,82,64,30,52,44,27,135833
1936,2014,3,4,0,2,7,18,16,63,65,53,73,61,27,52,46,25,203192
11701,2014,0,5,0,1,5,26,5,60,65,55,73,53,25,41,25,8,166391
6642,2014,7,7,3,3,11,70,38,66,68,47,75,64,29,51,42,23,231039
7805,2014,7,19,6,10,26,240,135,65,73,47,82,64,21,42,22,6,374747
7772,2014,5,12,2,2,14,56,29,65,66,50,73,56,26,46,31,14,252153
616,2014,13,16,6,6,29,56,86,62,70,49,76,59,26,48,38,18,303866
13447,2014,5,7,1,5,6,18,23,57,66,49,67,42,29,49,43,20,202356
609,2014,14,19,7,8,31,173,97,61,69,51,78,64,26,49,46,20,524317
14727,2014,5,11,5,11,16,179,64,53,78,54,85,62,24,40,31,10,321508
838,2014,11,20,3,8,31,140,72,56,70,50,74,53,30,47,39,22,355805
520,2014,16,20,7,10,34,138,90,66,67,50,75,58,29,50,38,22,614153
5083,2014,3,10,2,3,13,70,33,57,64,52,69,60,25,46,46,15,261310
6831,2014,7,12,2,4,19,80,57,62,66,49,72,54,27,49,41,19,278506
882,2014,0,3,0,1,3,7,15,58,57,46,56,54,25,47,47,17,149693
578,2014,14,23,9,12,37,284,124,61,73,50,80,58,28,45,36,16,740212
12043,2014,10,19,5,13,29,288,131,52,75,46,76,63,29,51,38,21,418377
1264,2014,2,2,1,1,4,28,8,55,74,56,82,50,26,46,29,14,127162
1003,2014,1,5,0,4,3,9,11,66,68,34,64,44,18,51,40,7,98196
13429,2014,3,5,1,1,8,27,20,60,64,51,73,67,32,48,42,21,174215
695,2014,11,17,6,6,26,93,45,71,68,46,76,61,27,47,36,19,310232
6458,2014,7,9,3,3,16,64,29,59,73,52,80,60,23,45,37,15,215217
763,2014,4,5,2,2,9,38,26,62,64,51,73,56,27,53,47,24,231346
11881,2014,2,3,1,2,5,29,25,62,68,47,73,61,27,41,44,17,175291
17928,2014,1,5,0,2,2,13,14,63,70,43,71,61,26,47,29,17,100507
11517,2014,1,7,3,3,8,74,22,61,70,50,78,66,17,44,27,6,183097
745,2014,3,6,0,4,9,47,20,66,70,51,81,63,24,43,50,16,158722
7345,2014,4,14,6,2,18,113,31,66,68,50,75,53,25,45,33,14,322243
11373,2014,4,9,2,2,12,68,25,59,70,52,78,57,25,47,32,15,226604
7393,2014,0,3,1,5,3,30,9,62,74,51,90,79,18,43,25,8,127559
10231,2014,3,8,0,1,9,51,27,50,64,46,62,60,36,47,41,25,144556
20193,2014,2,4,2,1,6,29,19,60,66,44,66,52,34,46,50,25,159994
1113,2014,5,8,6,5,13,76,73,53,73,51,76,61,27,53,40,21,372187
24008,2014,4,6,1,2,10,39,35,55,62,50,65,46,31,48,33,24,176757
6465,2014,7,3,2,2,10,111,16,66,76,56,87,65,26,48,44,21,198558
4084,2014,7,11,4,4,13,59,22,56,65,51,71,53,27,46,38,18,233326
1181,2014,3,7,0,3,10,61,28,62,70,50,77,62,26,42,33,14,262974
14745,2014,1,1,0,0,2,2,15,64,67,43,70,53,34,56,47,32,47439
5129,2014,4,2,2,2,6,54,12,66,75,54,86,59,27,46,39,17,152281
13765,2014,0,5,2,1,5,17,27,60,68,40,66,44,28,38,40,15,110236
5136,2014,4,5,6,3,6,50,32,61,71,51,78,57,25,48,33,14,149128
7970,2014,6,8,5,2,12,104,26,58,76,48,81,60,28,45,32,17,144067
10995,2014,5,9,1,5,14,123,43,53,73,45,70,50,26,47,43,18,179860
11521,2014,0,2,0,2,2,5,3,62,59,45,55,50,21,51,57,21,94479
854,2014,8,6,4,1,13,78,18,62,67,54,75,58,30,50,41,24,286235
11003,2014,2,11,6,2,13,87,71,60,66,45,68,56,28,43,31,15,258067
891,2014,3,8,3,3,8,57,31,59,70,48,74,55,22,45,33,12,202261
22432,2014,2,7,4,0,8,60,33,58,72,50,76,59,20,47,25,7,149270
11009,2014,1,1,1,0,2,12,6,60,81,52,84,40,21,51,40,11,126074
21397,2014,3,6,0,0,7,27,6,66,67,50,73,55,24,55,58,20,88229
6850,2014,1,2,0,1,3,21,19,58,64,45,65,59,30,53,42,29,115168
9471,2014,3,4,3,2,7,33,13,60,74,52,81,69,21,47,43,12,89791
5992,2015,82,6,17,9,87,471,135,66,74,60,89,68,34,57,44,34,21646145
1075,2015,69,14,18,10,77,518,173,62,75,52,84,64,33,55,45,31,8245230
19,2015,63,11,17,13,72,597,125,64,80,57,92,68,33,50,41,27,8692017
1092,2015,55,18,34,12,72,576,180,56,76,56,86,68,28,49,38,21,6547877
677,2015,61,20,15,12,80,222,166,68,72,55,83,62,33,53,42,31,4508888
831,2015,57,22,24,10,79,583,161,56,77,55,85,63,30,54,46,26,3755082
673,2015,55,16,13,10,69,155,199,62,70,54,80,60,34,55,44,34,3622755
8806,2015,54,16,13,13,66,306,168,60,75,55,86,64,30,54,40,27,3302055
674,2015,43,17,18,12,60,331,106,63,76,55,86,65,29,50,41,22,2521835
3985,2015,32,16,11,16,47,497,130,62,79,54,88,65,29,48,37,20,2213690
5837,2015,45,25,40,28,68,1260,122,70,79,58,93,74,20,43,33,11,2086682
7459,2015,46,24,31,22,70,1074,238,63,80,54,89,68,25,46,37,16,2054052
6101,2015,35,19,26,9,54,646,140,59,78,52,85,65,28,50,38,19,2063576
11704,2015,33,16,22,19,47,743,142,64,81,58,94,78,24,44,33,12,1493503
4010,2015,43,24,13,17,63,226,150,58,69,53,76,56,31,55,47,31,1475856
11226,2015,37,24,13,7,57,345,208,55,74,51,78,60,32,53,39,28,1153706
468,2015,32,26,27,15,58,736,210,57,77,54,85,70,28,45,33,16,1542755
11522,2015,40,27,22,22,63,572,97,66,73,50,84,69,25,48,40,20,1188195
12043,2015,25,17,9,3,42,314,166,52,73,49,76,63,33,50,45,25,902047
20650,2015,36,28,20,26,62,367,142,57,75,55,84,61,28,49,33,20,1123704
4067,2015,32,26,12,12,55,186,200,58,69,49,73,60,32,51,42,27,1836408
7295,2015,35,28,14,17,60,602,118,63,74,50,81,61,29,49,39,21,1179128
655,2015,38,25,32,44,63,1447,229,67,85,57,96,80,22,41,31,10,1125290
5917,2015,34,18,19,10,51,456,154,64,74,52,84,69,31,50,41,22,1069706
1837,2015,42,29,11,12,70,263,131,65,72,56,83,65,29,51,44,23,1275439
17474,2015,35,18,16,13,51,299,262,57,75,53,83,64,28,47,45,22,1413560
961,2015,31,25,12,15,56,278,214,55,73,50,78,60,30,52,44,26,1052342
11953,2015,33,22,15,10,54,396,153,62,75,52,83,65,29,50,37,21,1001679
791,2015,26,25,8,13,49,266,109,56,73,50,78,59,28,53,42,24,1110625
22434,2015,24,19,18,17,42,509,144,64,76,53,87,66,25,46,39,17,1022947
7043,2015,27,27,13,16,54,404,233,62,75,51,82,62,27,49,40,19,1143921
11178,2015,36,28,15,20,63,620,175,60,76,54,84,62,26,48,36,18,1062535
11923,2015,38,31,13,15,64,191,133,60,70,52,79,62,29,49,39,22,919928
678,2015,32,23,12,15,51,270,74,63,72,57,82,60,30,51,43,25,775355
7540,2015,28,23,20,13,47,316,142,64,75,54,85,66,26,50,31,17,814582
7452,2015,26,26,10,16,51,355,145,59,74,52,81,60,30,51,41,22,749741
7127,2015,30,30,16,14,56,329,198,58,72,52,79,63,29,51,38,21,780532
685,2015,33,24,28,18,55,765,201,61,80,51,87,71,23,45,38,14,809786
9094,2015,25,23,8,17,46,496,151,58,78,53,86,67,24,42,39,14,1337584
3577,2015,29,26,10,13,53,310,150,60,70,52,80,65,30,47,43,22,1025986
18017,2015,24,30,16,14,51,347,151,65,72,52,80,62,28,47,42,20,754614
84,2015,24,21,6,8,43,160,85,63,70,51,77,61,30,47,42,23,746317
9675,2015,30,27,20,8,51,245,186,58,70,49,75,60,28,48,38,19,826326
25165,2015,26,28,11,4,51,185,119,59,69,50,75,58,26,49,37,19,674277
10995,2015,17,17,9,5,34,276,99,54,76,48,77,57,26,50,41,20,462272
4009,2015,26,19,12,9,45,351,162,54,75,51,80,61,28,52,42,23,606952
7806,2015,28,29,12,16,57,250,140,61,71,52,78,63,29,50,39,23,820680
6627,2015,22,23,5,2,43,154,194,55,69,50,73,58,28,51,38,23,726168
672,2015,24,26,13,16,50,384,205,65,74,52,84,66,27,48,35,18,819607
918,2015,17,22,10,6,37,205,168,57,72,50,78,64,28,48,36,18,612668
26059,2015,12,10,2,9,18,77,64,60,72,54,80,56,27,55,46,30,292929
11940,2015,17,20,10,7,33,110,126,60,68,49,72,57,29,50,40,22,397575
1042,2015,21,19,3,11,40,85,57,73,64,53,74,62,32,52,42,30,605772
6691,2015,16,23,7,5,39,139,84,63,68,53,77,64,28,47,36,20,536502
4146,2015,20,30,15,14,47,266,191,57,72,50,78,61,26,46,35,17,821431
5054,2015,20,20,10,6,34,117,71,65,67,51,75,57,25,46,40,17,525610
12083,2015,24,24,12,17,42,390,189,66,72,48,81,65,26,48,35,18,602089
3833,2015,28,26,13,15,52,220,85,66,72,55,84,65,27,46,40,18,1260488
4061,2015,20,24,13,18,44,606,158,60,78,54,86,61,27,43,33,15,715497
9488,2015,19,22,20,13,39,624,179,62,79,52,86,65,22,41,28,10,579628
3492,2015,23,24,9,9,43,242,55,64,72,51,79,61,28,50,39,20,593624
1266,2015,20,27,6,11,45,292,106,62,72,51,81,67,27,47,38,19,689618
5844,2015,22,26,10,14,45,282,231,55,72,48,77,61,27,46,36,18,591206
1841,2015,17,23,6,9,38,86,87,66,65,52,74,60,30,53,42,25,773363
9043,2015,19,24,10,13,39,112,70,57,67,53,75,60,26,51,43,21,511665
6081,2015,15,21,7,7,34,175,87,59,69,50,76,54,26,45,43,18,518721
14432,2015,14,25,6,12,39,205,76,60,69,52,78,63,29,50,39,21,509739
2123,2015,8,18,3,8,25,105,65,57,70,50,75,54,25,46,40,16,383936
13429,2015,8,14,3,4,22,132,84,60,69,53,76,59,26,48,45,20,441965
5961,2015,22,28,7,9,46,122,61,69,67,49,76,56,28,49,37,22,645817
578,2015,11,11,11,3,21,155,60,63,72,48,78,58,27,48,38,18,1102008
4045,2015,18,20,10,9,38,288,114,57,73,51,80,58,27,48,30,16,437670
12587,2015,3,5,1,1,5,20,18,64,59,40,54,51,29,48,54,24,146968
736,2015,0,1,1,0,1,5,8,62,61,49,71,60,22,45,14,7,47726
748,2015,2,3,1,1,2,13,8,53,73,46,70,50,30,32,25,13,89475
9584,2015,1,3,1,0,4,26,12,54,72,50,73,56,30,50,43,20,102258
18524,2015,1,1,0,1,2,4,6,65,62,55,72,50,33,58,36,40,77840
427,2015,7,10,2,3,17,78,62,62,72,51,79,62,28,50,41,21,328016
13968,2015,1,1,1,0,2,15,5,61,84,57,87,0,20,52,33,13,46302
11521,2015,1,3,0,2,4,13,16,57,67,47,74,50,23,51,55,20,125758
12614,2015,3,2,2,1,2,5,9,53,62,43,61,63,28,46,42,21,47384
12190,2015,17,21,4,7,37,132,67,63,68,53,77,59,28,49,37,22,424816
762,2015,19,21,7,6,37,176,88,58,71,52,76,59,28,50,39,21,514900
20193,2015,12,14,9,2,26,127,85,55,70,51,75,64,26,49,36,18,426375
9471,2015,1,4,0,5,5,28,16,68,71,50,82,73,21,46,44,15,149294
13799,2015,10,12,3,3,20,88,48,59,69,48,72,57,28,50,46,22,300655
22432,2015,13,19,8,10,28,288,100,60,75,48,80,60,26,50,37,17,491698
6848,2015,11,24,6,8,35,339,200,58,74,44,76,62,28,45,37,18,618280
13447,2015,8,9,2,1,16,41,31,66,65,48,68,45,33,50,41,27,305548
24008,2015,14,17,7,10,31,203,138,61,72,47,79,59,24,48,44,18,372891
1035,2015,14,21,4,11,35,148,69,60,69,48,75,58,28,48,39,21,707079
9833,2015,14,20,7,11,30,163,115,57,72,53,80,65,24,48,39,18,455974
5838,2015,12,13,3,6,19,47,42,62,66,51,75,66,28,47,39,18,288769
17829,2015,11,22,5,7,31,88,99,58,64,50,68,52,31,52,44,27,437342
1181,2015,7,6,8,3,13,127,31,63,75,52,85,65,24,43,38,13,464032
11373,2015,6,6,2,3,10,51,32,58,73,49,79,65,26,49,39,21,213619
20104,2015,0,4,1,0,4,18,14,63,64,43,65,35,23,42,42,14,160575
9831,2015,5,9,3,3,14,36,25,63,70,50,77,52,24,50,38,20,278384
12495,2015,2,3,0,1,1,5,3,67,61,47,73,33,29,21,40,13,118565
563,2015,7,12,2,5,19,93,67,56,70,50,75,59,27,48,42,22,292030
20648,2015,2,6,3,0,6,21,11,65,62,49,63,58,24,44,40,14,138455
5136,2015,5,7,2,8,10,62,38,58,73,50,82,65,25,42,30,16,219878
2904,2015,11,20,7,8,30,209,96,61,71,48,76,57,26,44,39,15,544304
838,2015,13,18,6,9,31,109,85,61,70,49,76,57,28,49,36,20,385869
7970,2015,3,7,3,5,7,63,14,54,75,49,79,66,31,44,34,18,146691
7757,2015,0,1,0,1,1,6,0,53,71,45,73,50,38,41,25,18,108456
13277,2015,4,13,1,5,14,61,48,60,65,50,71,58,27,48,40,19,304066
20847,2015,1,4,0,3,5,26,14,58,63,49,69,60,26,47,46,15,213185
6002,2015,12,20,3,8,32,141,95,53,71,50,77,63,26,47,37,18,418153
11009,2015,7,11,10,5,18,169,60,62,74,50,82,61,22,43,26,9,301836
9521,2015,1,6,0,6,7,50,35,59,72,50,81,65,24,47,47,18,213136
14716,2015,4,8,1,4,12,37,49,67,64,50,71,56,26,48,38,19,299864
14177,2015,5,19,8,13,22,204,105,59,75,45,77,57,27,44,35,15,349053
4964,2015,8,11,3,4,19,165,57,59,74,51,80,58,30,49,38,22,997612
1576,2015,8,10,4,2,16,47,48,59,67,52,73,61,27,52,34,19,316216
9840,2015,3,9,3,4,11,86,47,62,71,50,75,55,24,46,36,15,306296
6831,2015,5,13,4,1,18,62,47,62,64,51,70,59,27,44,35,15,308928
10415,2015,4,9,5,4,13,139,41,58,73,53,82,61,24,40,34,10,237808
5127,2015,3,12,3,4,14,107,33,62,69,49,74,54,20,45,27,11,288271
935,2015,8,10,4,1,16,69,34,64,68,47,73,62,30,48,40,21,250270
12661,2015,5,8,5,4,13,68,45,60,69,51,74,60,24,49,40,18,236442
11701,2015,12,14,4,7,22,135,47,61,70,48,77,55,23,46,34,13,366458
616,2015,7,8,2,3,15,39,56,58,69,45,70,57,33,48,32,26,161420
4003,2015,10,16,6,10,25,213,146,64,74,47,81,65,26,49,31,15,406583
11517,2015,9,11,9,9,20,196,86,56,73,51,79,65,26,45,34,16,318436
1718,2015,7,13,1,8,18,57,64,59,67,50,73,52,29,47,40,20,257566
8313,2015,8,12,4,4,19,78,46,60,72,47,75,54,27,48,33,19,217468
10828,2015,2,5,1,0,5,5,15,65,60,35,53,46,32,49,39,29,223522
1672,2015,6,12,6,1,18,90,40,64,70,49,72,48,30,44,32,18,666132
6458,2015,2,4,2,2,6,43,17,64,68,45,71,62,25,46,21,9,168097
3054,2015,0,3,0,0,3,9,10,58,57,43,52,56,31,58,64,28,62149
75,2015,9,24,4,4,33,88,107,59,67,51,71,53,26,46,37,17,442991
745,2015,6,10,6,3,16,146,84,62,73,48,78,60,26,38,35,12,261107
18485,2015,0,2,0,0,2,4,8,48,63,43,55,18,17,42,13,5,142085
9842,2015,3,5,0,4,8,74,19,60,76,49,84,55,27,47,40,17,193186
23298,2015,1,3,0,2,3,17,11,67,64,54,71,62,25,50,17,11,107661
7393,2015,2,6,1,4,8,39,25,56,62,52,69,52,28,46,33,18,168354
21506,2015,1,2,0,0,3,8,8,63,65,45,69,62,25,51,54,20,92271
1569,2015,6,13,4,2,18,41,38,57,69,49,72,59,23,49,34,15,247040
10231,2015,1,2,1,0,2,6,8,49,68,53,72,44,30,45,35,18,112163
19962,2015,0,1,0,0,1,3,3,47,65,47,70,57,19,59,33,10,92713
26923,2015,4,7,1,8,11,72,44,50,78,52,79,50,23,46,48,18,174658
10014,2015,2,1,2,0,0,0,0,0,0,0,0,0,0,0,0,0,65346
26218,2015,4,9,2,4,11,40,36,59,69,47,72,57,24,48,34,15,232707
13765,2015,1,5,0,0,6,14,13,65,56,45,56,41,26,41,44,13,121906
17928,2015,1,6,3,3,2,7,11,53,64,43,57,50,33,45,38,23,102481
11881,2015,2,4,0,1,6,20,16,59,64,52,68,53,30,45,43,16,132039
3639,2015,5,11,0,3,14,43,35,61,66,48,69,51,25,46,28,16,210179
7818,2015,7,18,3,7,22,113,58,62,70,46,72,55,27,47,38,16,338885
24225,2015,3,5,0,2,8,14,18,59,60,54,67,52,26,51,32,24,179834
3316,2015,1,4,2,1,5,30,16,58,70,53,76,60,22,42,48,14,147984
13269,2015,4,6,4,3,10,46,39,68,67,46,76,67,28,47,30,17,182268
6080,2015,3,10,2,3,13,71,49,59,68,48,73,61,27,46,37,18,213743
5058,2015,0,2,0,2,1,10,3,53,60,48,57,45,20,50,27,20,112539
1936,2015,0,6,1,0,6,13,13,61,59,48,58,54,24,49,40,15,203606
7805,2015,4,10,3,4,14,92,42,70,69,49,80,65,24,44,27,10,211310
2179,2015,0,1,0,0,1,2,2,60,81,38,70,40,24,38,100,10,84470
6642,2015,3,10,6,1,13,60,57,69,63,39,61,50,30,49,40,20,225372
25543,2015,0,1,0,0,0,0,0,0,0,0,0,0,0,0,0,0,65277
558,2015,12,18,6,8,26,91,53,65,67,47,73,61,27,50,40,20,382821
22433,2015,0,1,0,1,1,4,10,55,64,50,75,76,29,49,25,13,78019
520,2015,9,12,5,8,20,66,79,61,68,50,74,59,31,46,40,23,358460
7772,2015,4,12,5,5,13,124,49,59,73,49,79,65,24,50,36,16,291303
4454,2015,0,3,0,1,3,5,9,68,62,39,64,50,22,43,19,10,97004
1747,2015,1,3,2,2,4,23,14,57,68,50,73,67,22,46,30,13,165166
6431,2015,2,1,1,0,3,22,10,57,76,60,81,50,26,53,33,19,49494
1003,2015,0,3,1,1,1,2,0,57,31,17,17,17,29,50,20,17,82330
7345,2015,2,6,3,3,5,11,8,64,64,44,66,43,22,37,15,8,151684
9839,2015,0,2,0,0,2,6,3,64,66,50,72,69,30,17,0,0,96478
9229,2015,6,6,5,6,8,101,25,55,75,54,84,66,29,43,43,15,168891
13957,2015,4,4,3,2,7,26,12,62,67,49,74,65,24,49,27,16,97799
7801,2015,2,0,0,0,0,0,0,0,0,0,0,0,0,0,0,0,61887
14727,2015,7,6,2,3,13,164,59,55,77,52,84,66,25,45,36,17,833037
3992,2015,0,1,0,0,1,4,2,56,63,61,77,25,27,44,20,7,70509
4461,2015,3,1,0,0,0,0,0,0,0,0,0,0,0,0,0,0,63171
24084,2015,0,1,0,0,1,2,8,66,70,23,56,60,27,37,25,11,55342
875,2015,7,8,8,8,15,106,27,68,70,51,80,63,27,48,34,19,113674
29372,2015,8,13,4,6,17,68,51,63,68,50,75,59,27,50,36,19,191601
4149,2015,0,2,1,0,0,0,0,0,0,0,0,0,0,0,0,0,34593
12534,2015,2,2,2,1,4,9,36,57,71,51,79,62,29,51,27,17,68134
29932,2015,1,1,0,0,2,17,1,53,66,52,78,73,26,55,40,24,55865
29939,2015,1,5,3,2,6,54,15,60,72,47,75,60,21,46,26,10,117352
4084,2015,2,3,1,0,2,7,1,53,65,50,68,63,18,40,75,13,78188
6850,2015,0,3,1,2,3,9,6,55,77,54,78,61,24,49,36,15,120121
20542,2015,1,1,0,0,2,14,3,62,70,42,73,63,29,47,44,19,94279
6817,2015,0,1,0,0,0,0,0,0,0,0,0,0,0,0,0,0,48058
9305,2015,0,2,1,1,0,0,0,0,0,0,0,0,0,0,0,0,48765
1264,2015,0,2,1,1,2,17,7,50,71,50,76,71,30,43,46,16,99891
8396,2015,0,1,0,0,1,8,7,64,64,37,58,55,12,36,0,0,111943
14814,2015,0,3,0,1,3,11,10,61,64,44,67,50,24,53,39,22,91550
16994,2015,0,2,0,1,2,7,11,58,60,49,66,58,25,36,33,10,131443
5992,2016,56,6,17,6,60,239,144,66,73,57,87,69,36,58,42,35,11013256
1075,2016,54,8,15,5,60,422,145,61,76,54,85,65,33,56,45,36,7965249
1092,2016,39,12,19,11,51,368,136,57,75,57,87,69,30,51,39,24,5517588
677,2016,37,12,7,11,49,103,83,71,69,54,81,70,36,56,45,42,2625485
8806,2016,51,15,14,8,64,211,145,61,72,56,83,68,31,55,44,31,3699201
11704,2016,43,12,23,8,55,681,186,64,80,56,90,71,27,50,34,18,3661571
19,2016,21,7,9,5,28,246,48,62,80,56,90,64,31,50,39,24,1527269
5917,2016,40,12,10,8,51,426,141,64,75,54,84,63,32,52,47,32,2672473
831,2016,31,15,11,9,44,343,123,58,78,51,84,64,30,52,39,24,2018084
20650,2016,52,17,18,13,67,401,202,62,74,55,83,62,31,50,40,26,2359800
6101,2016,34,18,10,15,48,518,124,55,80,55,87,65,28,49,37,23,1957831
3985,2016,28,14,12,11,39,349,123,61,79,52,88,70,28,48,34,21,1594163
673,2016,28,18,6,6,46,138,148,63,69,53,78,63,32,54,42,30,1041210
11226,2016,35,17,8,11,50,243,173,60,70,52,78,63,33,54,44,33,1567908
22434,2016,33,13,18,10,46,635,128,66,76,56,89,69,26,49,38,20,1438777
1837,2016,40,17,17,11,55,203,128,66,70,54,82,66,31,52,41,27,1283760
674,2016,25,12,7,2,36,124,70,62,70,53,79,63,32,52,46,29,1021027
20193,2016,25,17,14,6,41,331,159,54,73,51,79,60,28,48,41,20,1490461
3577,2016,32,18,18,17,50,403,156,61,76,55,86,70,28,49,37,20,1364568
655,2016,25,17,31,19,42,896,209,65,82,56,93,74,20,40,28,7,1062212
11522,2016,28,21,13,16,47,459,109,65,74,49,84,66,26,49,39,19,1067840
11953,2016,30,20,18,6,50,281,177,64,71,52,81,61,31,49,38,22,1146859
11178,2016,28,23,19,13,51,444,131,62,75,54,85,71,26,45,33,19,1004504
17474,2016,25,16,11,11,38,269,150,57,75,54,85,64,28,50,35,21,1102094
5837,2016,26,17,26,28,39,977,122,69,83,55,94,71,23,42,33,11,955870
468,2016,26,19,17,13,44,477,138,58,77,51,84,61,29,48,37,19,1471113
24008,2016,33,21,14,13,52,330,240,62,72,50,80,63,30,49,42,24,1025383
4010,2016,22,20,10,10,41,127,110,58,67,53,75,60,31,50,42,26,850055
4061,2016,28,21,20,17,49,643,149,59,80,52,86,64,26,44,37,16,1060857
678,2016,29,16,6,5,43,220,91,60,74,53,82,63,31,51,36,25,854463
9675,2016,14,10,3,6,24,99,114,59,70,48,74,64,32,55,45,31,1030261
6691,2016,26,24,4,13,50,181,126,64,68,52,78,62,31,49,41,25,990304
7295,2016,24,22,13,8,44,335,103,62,71,49,78,60,29,50,38,22,960748
11923,2016,20,27,5,7,45,156,110,65,70,47,74,56,29,50,37,23,907603
2123,2016,19,18,6,10,35,159,80,57,69,50,72,57,33,51,43,29,595177
4009,2016,23,18,10,8,41,249,135,52,74,54,79,60,29,51,42,23,896335
685,2016,27,19,22,17,46,707,162,61,81,53,87,66,25,44,31,15,627499
12043,2016,21,25,7,10,46,356,216,49,73,47,71,62,32,48,40,26,818190
14432,2016,32,21,13,12,52,227,99,61,70,51,76,56,31,51,47,28,960286
578,2016,20,16,8,8,36,199,92,61,74,52,81,60,27,49,46,20,1802600
11940,2016,24,18,14,8,40,171,143,57,71,52,78,61,29,51,42,24,636436
25165,2016,22,23,12,10,41,249,88,63,70,55,77,54,27,50,35,20,679372
4067,2016,19,17,7,8,34,133,155,57,68,51,74,65,30,53,46,32,582865
4045,2016,20,17,8,10,37,364,149,53,76,52,81,59,30,47,36,21,717311
1035,2016,17,21,9,11,38,148,59,63,69,51,77,61,31,49,40,23,971193
7459,2016,12,16,10,8,28,367,128,59,78,51,85,66,23,47,32,13,544570
13799,2016,24,17,9,6,40,222,132,55,74,52,81,63,29,51,42,23,808157
672,2016,27,20,14,11,47,306,180,64,72,51,82,64,32,49,37,24,749955
9471,2016,14,17,8,15,30,161,89,69,68,54,82,72,28,51,36,22,574854
5136,2016,14,17,9,6,29,156,135,55,73,47,75,63,29,47,45,23,539643
18017,2016,18,20,11,15,36,295,111,65,72,55,84,63,27,48,34,19,635194
1113,2016,11,12,4,5,23,128,113,51,72,47,71,58,31,52,41,25,462080
9305,2016,9,9,9,6,17,95,81,59,70,53,80,66,28,47,39,20,418247
75,2016,15,14,6,4,29,112,92,60,68,53,78,60,29,53,40,25,497053
20847,2016,15,15,10,3,28,189,87,60,72,50,77,64,27,50,40,23,582745
961,2016,21,25,17,8,46,186,181,56,71,50,77,61,29,49,35,20,780251
29932,2016,13,18,7,5,31,261,90,56,73,48,78,63,26,48,37,20,433354
7452,2016,17,17,8,4,34,248,115,57,73,50,78,61,28,50,38,21,582954
854,2016,7,7,3,3,14,71,20,66,72,48,79,59,24,51,36,16,644133
12190,2016,16,18,8,7,32,141,66,65,72,53,81,55,25,46,36,16,431594
10231,2016,10,11,4,5,20,84,46,53,70,54,75,57,30,48,49,27,231348
7806,2016,23,22,7,11,45,220,132,60,71,48,76,59,29,51,41,24,586711
17829,2016,11,14,4,6,25,54,61,61,66,50,71,57,33,52,47,29,378434
6465,2016,22,10,12,7,32,213,79,65,76,53,82,64,29,49,38,30,744259
6081,2016,13,19,9,10,30,195,69,60,72,51,79,63,29,46,34,19,441789
6458,2016,7,12,3,3,19,120,59,60,72,50,80,63,22,43,38,12,390979
14177,2016,6,14,3,4,20,131,95,54,75,49,77,57,29,47,37,20,277191
9831,2016,19,19,5,12,38,168,63,64,67,55,77,55,29,49,45,25,474677
563,2016,18,16,9,7,34,161,138,56,70,50,77,62,27,51,43,22,487335
6002,2016,12,19,6,10,28,108,106,53,72,49,77,67,27,47,35,19,443241
762,2016,6,7,3,2,13,81,46,60,72,54,79,61,23,50,39,18,248425
935,2016,4,6,1,1,10,20,23,72,60,45,63,58,32,50,55,32,208317
13447,2016,20,19,5,9,37,89,81,67,62,52,71,59,32,51,43,29,491058
1576,2016,10,17,5,3,26,67,90,57,66,52,70,58,30,53,42,26,371469
7043,2016,17,21,5,13,38,307,195,60,75,48,79,61,30,50,39,23,751431
7757,2016,11,20,6,9,31,224,141,50,71,47,71,55,25,48,38,20,419544
5054,2016,12,17,5,6,29,100,75,66,65,51,75,64,26,49,44,21,422499
6627,2016,17,18,5,6,35,135,129,58,71,50,77,61,28,50,37,22,468431
7127,2016,14,20,7,7,32,137,141,57,69,53,73,59,30,48,37,24,533408
9043,2016,11,17,7,4,26,69,30,61,64,48,68,60,29,51,40,23,396290
25543,2016,6,6,2,4,12,93,35,57,72,52,79,69,30,48,42,21,229187
4003,2016,11,10,4,5,21,144,94,64,72,50,80,72,29,47,43,22,341577
9833,2016,8,12,2,5,18,60,59,59,66,49,71,59,28,52,33,22,325748
13957,2016,3,6,1,3,7,23,20,68,69,50,80,65,28,47,47,21,148722
10995,2016,12,19,11,8,31,281,91,58,74,49,77,59,28,48,37,19,464633
4146,2016,14,20,12,8,31,208,100,60,71,52,81,71,24,45,35,14,427751
11881,2016,6,11,2,5,17,53,71,60,65,48,70,58,30,50,36,22,274970
20648,2016,8,15,2,6,22,70,54,66,66,49,71,64,31,49,42,30,256458
4964,2016,7,14,7,3,21,169,78,60,70,47,74,59,27,49,43,19,805029
11373,2016,6,17,5,8,23,108,46,58,68,53,77,63,26,44,35,16,311954
1042,2016,14,12,1,6,25,42,26,75,63,55,74,60,32,53,41,30,477578
791,2016,18,20,6,8,36,188,94,57,71,51,79,63,26,50,43,22,637839
22433,2016,3,9,2,3,12,75,35,58,75,52,80,58,26,46,35,16,271390
12661,2016,9,8,7,6,17,131,58,59,74,52,81,65,25,50,39,21,342775
5058,2016,3,1,3,2,2,16,8,60,77,49,88,80,30,42,33,15,121058
24225,2016,8,10,1,2,18,37,38,60,68,56,76,60,24,54,43,21,265213
26923,2016,7,10,2,4,17,88,59,51,73,51,75,53,26,50,45,22,324674
7393,2016,6,7,2,3,13,44,33,60,67,50,73,63,24,48,46,24,187045
2904,2016,9,16,3,4,25,133,73,61,71,45,72,51,29,46,38,20,325307
10828,2016,3,9,2,2,12,28,41,68,61,50,67,62,28,49,43,28,241005
14609,2016,6,6,1,3,12,32,21,67,68,53,81,64,24,46,40,20,140266
5127,2016,4,7,2,3,11,63,36,58,71,50,77,57,23,48,54,18,223569
5838,2016,2,4,2,0,6,30,26,56,72,51,75,53,27,51,35,21,207060
6848,2016,7,14,2,6,21,199,104,55,74,48,76,62,26,47,36,18,403034
1266,2016,8,13,4,7,19,130,78,56,72,49,75,54,25,45,39,17,362310
22439,2016,3,2,0,1,5,30,17,60,71,50,80,67,33,43,53,24,148764
427,2016,9,9,3,6,18,108,73,60,73,48,79,62,30,49,37,21,547550
21506,2016,6,9,2,2,15,61,39,62,68,50,73,54,29,49,42,22,152770
14716,2016,6,7,5,2,10,27,32,66,68,50,73,59,26,52,42,21,179350
4454,2016,4,9,0,2,13,19,35,67,62,46,60,46,28,51,37,25,217051
3054,2016,2,9,1,3,10,34,40,59,68,49,66,51,23,45,36,18,206992
14727,2016,6,10,5,8,16,161,88,56,75,50,81,56,26,43,47,16,1295540
3492,2016,7,21,5,6,26,171,54,64,69,49,76,55,27,48,37,17,416622
7540,2016,11,15,4,8,24,112,84,62,71,48,79,63,27,50,36,18,366189
18485,2016,6,9,2,2,15,74,48,57,65,56,74,58,24,51,39,19,285318
12534,2016,8,9,8,3,16,85,88,58,68,48,74,62,27,48,36,19,222846
918,2016,13,22,5,6,32,139,136,58,71,48,74,62,29,48,40,24,481838
6831,2016,8,10,5,4,18,101,48,60,69,50,74,59,30,47,42,21,210578
1181,2016,12,17,13,6,29,208,86,63,72,50,79,59,27,44,31,15,721209
9094,2016,7,22,8,11,28,231,94,58,73,47,77,55,23,43,36,12,760826
875,2016,4,9,3,5,13,51,30,63,67,52,74,51,31,48,44,21,240212
838,2016,8,10,3,2,18,60,75,57,67,47,69,58,29,47,42,21,195329
13048,2016,3,7,2,6,9,30,33,60,66,52,74,60,27,50,38,20,176532
6080,2016,4,7,1,4,11,35,30,58,69,47,73,54,32,53,43,26,185596
7818,2016,1,2,1,1,3,26,6,58,81,51,82,50,21,38,43,9,92591
19962,2016,2,6,1,3,8,55,31,57,72,50,80,57,25,46,39,14,194785
8721,2016,9,4,3,1,12,29,27,67,65,52,75,73,36,48,38,35,221638
29939,2016,1,6,1,5,7,40,18,65,69,53,76,53,25,50,38,18,163404
5961,2016,9,14,6,3,21,103,39,59,70,50,75,59,29,48,41,20,293459
13429,2016,8,19,4,5,27,147,79,59,70,48,73,55,26,49,41,19,388637
12594,2016,0,1,0,0,1,5,7,53,67,51,71,69,5,47,100,7,118707
775,2016,3,4,2,2,6,22,16,57,74,50,75,42,25,51,55,19,165045
8313,2016,3,4,3,1,7,29,23,62,66,54,73,49,24,52,49,21,92255
18648,2016,1,2,0,1,3,4,10,63,61,56,71,60,30,56,48,28,90279
7805,2016,1,5,2,3,6,32,10,73,65,51,74,60,27,46,26,11,133796
8753,2016,1,1,0,1,1,13,2,57,61,40,56,62,41,51,58,44,110222
12614,2016,2,4,1,1,5,18,16,58,68,52,73,50,29,50,38,19,90818
616,2016,7,8,0,2,15,49,45,60,72,55,81,54,25,47,41,19,187556
3996,2016,3,4,2,2,7,7,25,61,67,46,70,44,29,48,43,22,133922
7970,2016,5,13,4,5,17,122,26,61,71,47,76,57,26,45,36,14,194561
22807,2016,2,3,1,3,5,30,7,57,73,54,82,63,32,45,28,19,99104
1936,2016,2,5,1,1,7,25,27,61,61,51,71,66,28,53,29,18,145419
26059,2016,8,13,1,5,19,42,29,67,65,48,71,47,27,50,38,19,223745
12653,2016,2,4,2,0,6,23,30,61,66,51,73,64,30,48,40,21,166928
13674,2016,2,3,1,2,3,7,12,52,56,53,60,53,34,54,44,34,110152
20104,2016,3,10,1,2,12,29,23,63,66,47,72,60,24,41,27,10,186931
26218,2016,2,6,3,2,8,38,28,58,66,50,72,61,23,43,29,12,99132
11009,2016,4,9,3,4,13,97,54,59,71,48,75,56,26,46,36,16,185150
745,2016,4,7,3,3,11,53,21,69,68,47,74,64,29,49,34,18,132016
10014,2016,5,5,4,1,7,32,13,57,68,48,78,75,24,47,35,16,104117
25171,2016,3,5,0,5,8,80,47,61,72,44,78,70,27,48,39,20,216176
26221,2016,3,2,0,0,5,21,24,55,68,44,66,63,31,54,43,36,81812
23298,2016,0,2,0,1,0,0,0,0,0,0,0,0,0,0,0,0,56475
4149,2016,1,2,0,1,2,5,3,50,69,49,69,55,38,54,36,33,81893
6820,2016,1,2,0,2,3,7,7,62,62,64,79,72,22,56,53,24,91961
6850,2016,2,3,0,1,5,18,12,58,69,49,76,64,22,57,37,27,125652
9584,2016,0,1,0,0,1,6,2,54,70,41,64,38,18,40,25,7,76823
13032,2016,1,3,0,1,4,11,15,62,63,46,67,50,27,54,43,21,91654
6431,2016,2,4,2,3,6,74,30,63,73,51,83,64,24,48,42,15,164365
3639,2016,0,5,1,2,3,11,8,58,60,52,69,58,26,49,50,19,108098
19910,2016,0,2,0,0,1,7,1,73,79,92,0,100,0,0,47,0,53634
12083,2016,0,3,0,2,3,19,25,64,69,48,72,76,21,34,25,15,97640
28296,2016,3,1,1,0,1,3,4,61,45,34,23,50,35,50,40,31,79123
10415,2016,1,4,2,1,5,46,10,53,82,47,79,38,27,41,24,10,69031
1264,2016,0,2,0,0,2,9,7,57,74,41,74,53,21,50,50,10,110016
14606,2016,0,1,0,0,1,7,4,52,71,38,60,56,27,19,50,10,72445
24084,2016,0,1,0,0,1,1,4,61,63,58,73,43,28,28,33,6,75938
1672,2016,2,3,2,0,5,20,11,68,61,48,65,51,29,49,42,21,475614
11517,2016,3,7,1,5,10,104,37,52,75,52,83,72,25,46,43,17,172187
13277,2016,1,4,0,0,5,16,11,67,57,42,54,52,27,46,35,17,74435
27111,2016,2,4,0,1,6,42,19,56,74,52,81,62,21,48,32,14,122432
9229,2016,3,4,2,1,4,34,16,59,72,55,78,33,24,45,54,13,100219
14982,2016,4,0,1,0,0,0,0,0,0,0,0,0,0,0,0,0,38668
11489,2016,4,1,0,0,0,0,0,0,0,0,0,0,0,0,0,0,70917
6817,2016,1,5,0,1,6,22,16,60,69,42,69,61,28,48,41,19,135169
13617,2016,1,2,0,0,3,26,13,58,71,49,78,74,27,44,43,18,125904
12587,2016,4,0,0,0,0,0,0,0,0,0,0,0,0,0,0,0,48835
13764,2016,0,1,0,0,1,1,3,56,63,36,56,56,25,60,10,11,31357
25372,2016,2,4,4,2,6,14,23,61,67,54,76,63,18,49,35,11,115034
14891,2016,3,3,1,6,6,83,25,62,81,50,91,69,20,41,31,10,131220
13269,2016,2,2,2,3,2,5,7,51,69,54,71,64,32,46,39,24,48793
20654,2016,0,1,0,0,1,6,2,69,53,56,57,45,28,32,29,14,95625
14814,2016,0,2,0,1,2,15,12,59,66,41,63,45,24,52,43,28,92408
12921,2016,2,3,0,2,1,1,1,74,56,50,54,40,16,44,33,8,83107
5083,2016,0,1,1,0,1,14,8,50,84,40,75,60,17,49,11,7,50378
10202,2016,1,1,0,1,2,9,16,67,67,46,70,57,24,53,29,24,126129
11683,2016,0,1,0,2,1,2,0,67,56,50,61,59,33,60,67,33,85322
29372,2016,2,4,1,0,5,4,13,62,62,50,64,47,21,44,36,10,97763
